{"inputUnits":[63],"outputUnits":7,"inputs":{"0":{"dtype":"number","min":135.75720206036084,"max":409.88392545233273},"1":{"dtype":"number","min":297.7338641910677,"max":388.70186427585963},"2":{"dtype":"number","min":-0.0029424503445625305,"max":0.0017220526933670044},"3":{"dtype":"number","min":166.66161049237883,"max":387.22028679300155},"4":{"dtype":"number","min":274.48073160476804,"max":407.41564185544945},"5":{"dtype":"number","min":-30.521337509155273,"max":39.091670989990234},"6":{"dtype":"number","min":180.16608210098323,"max":381.10997707716336},"7":{"dtype":"number","min":251.16464187746243,"max":409.7513571911294},"8":{"dtype":"number","min":-43.401451110839844,"max":62.46506881713867},"9":{"dtype":"number","min":152.1817865429604,"max":387.7584353223785},"10":{"dtype":"number","min":231.58110286972618,"max":402.44868800003036},"11":{"dtype":"number","min":-47.110992431640625,"max":83.76614379882812},"12":{"dtype":"number","min":131.9113115065855,"max":406.33749910619184},"13":{"dtype":"number","min":213.01177443664275,"max":395.2708126499675},"14":{"dtype":"number","min":-49.60011672973633,"max":106.42352294921875},"15":{"dtype":"number","min":153.90697859349027,"max":427.85241380005084},"16":{"dtype":"number","min":216.08169643489353,"max":414.64749553095186},"17":{"dtype":"number","min":-78.44526672363281,"max":48.81715393066406},"18":{"dtype":"number","min":103.3423577340728,"max":429.89669964005435},"19":{"dtype":"number","min":170.76558790915982,"max":405.3650433712961},"20":{"dtype":"number","min":-70.53304290771484,"max":96.84944152832031},"21":{"dtype":"number","min":90.0987189011968,"max":424.5348587929891},"22":{"dtype":"number","min":143.77470493564218,"max":389.05269569931176},"23":{"dtype":"number","min":-50.391414642333984,"max":111.77445983886719},"24":{"dtype":"number","min":79.92583731071231,"max":418.3130945735073},"25":{"dtype":"number","min":122.5119471326893,"max":380.19362012562215},"26":{"dtype":"number","min":-48.68614196777344,"max":112.26262664794922},"27":{"dtype":"number","min":157.3471544448381,"max":435.9990456895637},"28":{"dtype":"number","min":215.48336683982907,"max":392.1558428575623},"29":{"dtype":"number","min":-73.96903228759766,"max":42.14799880981445},"30":{"dtype":"number","min":101.06887287573701,"max":439.2070851659189},"31":{"dtype":"number","min":165.03231442057614,"max":378.91110281065204},"32":{"dtype":"number","min":-72.94398498535156,"max":94.83643341064453},"33":{"dtype":"number","min":89.67311673912334,"max":431.69421104717645},"34":{"dtype":"number","min":134.0654138469306,"max":361.9865325064051},"35":{"dtype":"number","min":-48.26245880126953,"max":104.17892456054688},"36":{"dtype":"number","min":79.03391770494463,"max":423.8928767288468},"37":{"dtype":"number","min":112.8540393062751,"max":358.83339535114607},"38":{"dtype":"number","min":-54.98834228515625,"max":98.41143798828125},"39":{"dtype":"number","min":157.13777986509828,"max":435.8905059969378},"40":{"dtype":"number","min":225.2233547131769,"max":367.80522046249206},"41":{"dtype":"number","min":-67.05235290527344,"max":40.890689849853516},"42":{"dtype":"number","min":110.0585450045448,"max":445.03423327643975},"43":{"dtype":"number","min":183.8468682577157,"max":353.58093194338886},"44":{"dtype":"number","min":-60.49280548095703,"max":89.6510238647461},"45":{"dtype":"number","min":101.79082059066238,"max":455.2293891277921},"46":{"dtype":"number","min":156.43411304755733,"max":341.73881187997233},"47":{"dtype":"number","min":-49.48545455932617,"max":93.11870574951172},"48":{"dtype":"number","min":88.73587495035774,"max":460.482664329259},"49":{"dtype":"number","min":137.236641677218,"max":344.3571317516726},"50":{"dtype":"number","min":-55.234336853027344,"max":86.97401428222656},"51":{"dtype":"number","min":157.95640743232687,"max":444.4647112157739},"52":{"dtype":"number","min":243.1980420643959,"max":343.8944089246373},"53":{"dtype":"number","min":-66.94915771484375,"max":40.988250732421875},"54":{"dtype":"number","min":132.72451869542985,"max":467.0761599373802},"55":{"dtype":"number","min":215.0571344658651,"max":330.38540404864716},"56":{"dtype":"number","min":-59.423770904541016,"max":83.83883666992188},"57":{"dtype":"number","min":123.18368655358161,"max":480.17689618957115},"58":{"dtype":"number","min":198.86864667639313,"max":325.5692359436627},"59":{"dtype":"number","min":-62.739498138427734,"max":87.57868957519531},"60":{"dtype":"number","min":112.41419830813747,"max":488.99034457567814},"61":{"dtype":"number","min":186.6329417129249,"max":326.6002394834725},"62":{"dtype":"number","min":-70.00519561767578,"max":83.28511047363281}},"outputs":{"0":{"dtype":"string","min":0,"max":1,"uniqueValues":["0","1","2","3","4","5","6"],"legend":{"0":[1,0,0,0,0,0,0],"1":[0,1,0,0,0,0,0],"2":[0,0,1,0,0,0,0],"3":[0,0,0,1,0,0,0],"4":[0,0,0,0,1,0,0],"5":[0,0,0,0,0,1,0],"6":[0,0,0,0,0,0,1]}}},"isNormalized":true}